<?xml version="1.0" encoding="utf-8"?>
<phrases>
  <phrase title="changeauthor_author" version_id="10" version_string="1.0"><![CDATA[Author]]></phrase>
  <phrase title="changeauthor_change_author" version_id="10" version_string="1.0"><![CDATA[Change author]]></phrase>
  <phrase title="changeauthor_change_author_for_post" version_id="10" version_string="1.0"><![CDATA[Change author for post #]]></phrase>
  <phrase title="changeauthor_submit" version_id="10" version_string="1.0"><![CDATA[Submit]]></phrase>
  <phrase title="changedate_enter_new_author" version_id="10" version_string="1.0"><![CDATA[Enter new author]]></phrase>
  <phrase title="permission.changeAuthor_view" version_id="10" version_string="1.0"><![CDATA[View]]></phrase>
  <phrase title="permission_interface.changeAuthor" version_id="10" version_string="1.0"><![CDATA[Change author]]></phrase>
</phrases>
