<?xml version="1.0" encoding="utf-8"?>
<template_modifications>
  <modification type="public" template="post_macros" modification_key="ChangeAuthor_post_macros" description="ChangeAuthor_post_macros" execution_order="10" enabled="1" action="str_replace">
    <find><![CDATA[<xf:if is="$hasActionBarMenu">]]></find>
    <replace><![CDATA[<xf:if is="{{ $xf.visitor.hasPermission('changeAuthor', 'view') }}">
    <a href="{{ link('posts/changeauthor', $post) }}" class="actionBar-action actionBar-action--ip actionBar-action--menuItem" data-xf-click="overlay">{{ phrase('changeauthor_change_author') }}</a>
</xf:if>

$0]]></replace>
  </modification>
</template_modifications>
