<?xml version="1.0" encoding="utf-8"?>
<templates>
  <template type="public" title="andy_changeauthor" version_id="10" version_string="1.0"><![CDATA[<xf:title>{{ phrase('changeauthor_change_author_for_post') }}{{ {$post.position} + 1 }}</xf:title>

<xf:form action="{{ link('posts/changeauthorsave', $post) }}" class="block" ajax="true">
	<div class="block-container">
		<div class="block-body">
            <xf:textboxrow label="{{ phrase('changeauthor_author') }}" name="new_post_author" placeholder="{{ phrase('name...') }}" ac="single" data-autosubmit="false" autocomplete="off"
				explain="{{ phrase('changedate_enter_new_author') }}" 
			/>
		</div>
		<xf:submitrow submit="{{ phrase('changeauthor_submit') }}" />
	</div>
</xf:form>]]></template>
</templates>
