<?xml version="1.0" encoding="utf-8"?>
<template_modifications>
  <modification type="admin" template="user_edit" modification_key="mvb_user_edit" execution_order="10" enabled="1" action="str_replace">
    <find><![CDATA[<xf:checkboxrow>
						<xf:option name="option[is_discouraged]" selected="$user.Option.is_discouraged"
							hint="{{ phrase('discouraged_hint') }}">{{ phrase('discouraged') }}</xf:option>
						<xf:explain><a href="{{ link('banning/discouraged-ips') }}">{{ phrase('alternatively_use_ip_discouragement') }}</a></xf:explain>
					</xf:checkboxrow>]]></find>
    <replace><![CDATA[$0
<xf:include template="mvb_user_edit" />]]></replace>
  </modification>
</template_modifications>
