<?xml version="1.0" encoding="utf-8"?>
<options>
  <option option_id="membersRecentlyOnlineMinutes" edit_format="spinbox" data_type="numeric">
    <default_value>480</default_value>
    <edit_format_params>min=1</edit_format_params>
    <relation group_id="membersRecentlyOnline" display_order="1"/>
  </option>
  <option option_id="membersRecentlyOnlineShowAvatars" edit_format="textbox" data_type="string">
    <default_value></default_value>
    <relation group_id="membersRecentlyOnline" display_order="2"/>
  </option>
</options>
