<?xml version="1.0" encoding="utf-8"?>
<phrases>
  <phrase title="membersrecentlyonline_members_recently_online" version_id="10" version_string="1.0"><![CDATA[Members recently online]]></phrase>
  <phrase title="membersrecentlyonline_total" version_id="10" version_string="1.0"><![CDATA[Total]]></phrase>
  <phrase title="option.membersRecentlyOnlineMinutes" version_id="15" version_string="1.5"><![CDATA[Minutes]]></phrase>
  <phrase title="option.membersRecentlyOnlineShowAvatars" version_id="10" version_string="1.0"><![CDATA[Show avatars]]></phrase>
  <phrase title="option_explain.membersRecentlyOnlineMinutes" version_id="15" version_string="1.5"><![CDATA[Show members who have logged on within the past X minutes.]]></phrase>
  <phrase title="option_explain.membersRecentlyOnlineShowAvatars" version_id="10" version_string="1.0"><![CDATA[Enter s xs or xxs for avatar size. Leave blank to show only usernames.]]></phrase>
  <phrase title="option_group.membersRecentlyOnline" version_id="10" version_string="1.0"><![CDATA[Members recently online]]></phrase>
  <phrase title="option_group_description.membersRecentlyOnline" version_id="10" version_string="1.0"><![CDATA[Options here control the Members recently online add-on.]]></phrase>
  <phrase title="permission.membersRecentlyOnline_view" version_id="10" version_string="1.0"><![CDATA[View]]></phrase>
  <phrase title="permission.membersRecentlyOnline_viewAsAdmin" version_id="11" version_string="1.1"><![CDATA[View as admin]]></phrase>
  <phrase title="permission_interface.membersRecentlyOnline" version_id="10" version_string="1.0"><![CDATA[Members recently online]]></phrase>
  <phrase title="widget_def.membersRecentlyOnline" version_id="10" version_string="1.0"><![CDATA[Members recently online]]></phrase>
  <phrase title="widget_def_desc.membersRecentlyOnline" version_id="10" version_string="1.0"><![CDATA[Displays a block containing members recently online.]]></phrase>
</phrases>
