<?xml version="1.0" encoding="utf-8"?>
<templates>
  <template type="public" title="andy_membersrecentlyonline" version_id="14" version_string="1.4"><![CDATA[<xf:if is="{{ $xf.visitor.hasPermission('membersRecentlyOnline', 'view') }} OR {{ $xf.visitor.hasPermission('membersRecentlyOnline', 'viewAsAdmin') }}">
	
<xf:css src="andy_membersrecentlyonline.less" />

<div class="block"{{ widget_data($widget) }}>
	<div class="block-container">
		<h3 class="block-minorHeader">{{ phrase('membersrecentlyonline_members_recently_online') }}</h3>
		<div class="block-body block-row">
			
			<ul class="listInline listInline--comma">
			<xf:foreach loop="$users" value="$user">
				
				<xf:if is="!{$xf.options.membersRecentlyOnlineShowAvatars}">
					<xf:if is="!{{ $xf.visitor.hasPermission('membersRecentlyOnline', 'viewAsAdmin') }} AND {$user.visible}">
						<li class="membersrecentlyonline-content"><xf:username user="{$user}" rich="true" /></li>
					</xf:if>
					<xf:if is="{{ $xf.visitor.hasPermission('membersRecentlyOnline', 'viewAsAdmin') }} AND {$user.visible}">
						<li class="membersrecentlyonline-content"><xf:username user="{$user}" rich="true" /></li>
					</xf:if>
					<xf:if is="{{ $xf.visitor.hasPermission('membersRecentlyOnline', 'viewAsAdmin') }} AND !{$user.visible}">
						<li class="membersrecentlyonline-content-admin"><xf:username user="{$user}" rich="true" /></li>
					</xf:if>
				</xf:if>
				
				<xf:if is="{$xf.options.membersRecentlyOnlineShowAvatars}">
					<xf:if is="!{{ $xf.visitor.hasPermission('membersRecentlyOnline', 'viewAsAdmin') }} AND {$user.visible}">
						<span class="membersrecentlyonline-avatar">
							<xf:avatar user="{$user}" size="{$xf.options.membersRecentlyOnlineShowAvatars}" img="true" />
						</span>
					</xf:if>
					<xf:if is="{{ $xf.visitor.hasPermission('membersRecentlyOnline', 'viewAsAdmin') }} AND {$user.visible}">
						<span class="membersrecentlyonline-avatar">
							<xf:avatar user="{$user}" size="{$xf.options.membersRecentlyOnlineShowAvatars}" img="true" />
						</span>
					</xf:if>
					<xf:if is="{{ $xf.visitor.hasPermission('membersRecentlyOnline', 'viewAsAdmin') }} AND !{$user.visible}">
						<span class="membersrecentlyonline-avatar-admin">
							<xf:avatar user="{$user}" size="{$xf.options.membersRecentlyOnlineShowAvatars}" img="true" />
						</span>
					</xf:if>
				</xf:if>

			</xf:foreach>
			</ul>
			
		</div>
		<div class="block-footer">
			<span class="block-footer-counter">{{ phrase('membersrecentlyonline_total') }}: {$total}</span>
		</div>
	</div>
</div>
	
</xf:if>]]></template>
  <template type="public" title="andy_membersrecentlyonline.less" version_id="12" version_string="1.2"><![CDATA[.membersrecentlyonline-content a:link {
	font-size: 13px;
}

.membersrecentlyonline-content-admin a:link {
	font-size: 13px;
	color: @xf-paletteColor3;
}

.membersrecentlyonline-avatar a:link {
	margin: 0px 0px 4px 0px;
}

.membersrecentlyonline-avatar-admin a:link {
	margin: 0px 0px 4px 0px;
	opacity: 0.65;
}]]></template>
</templates>
