{
    "src/addons/Andy/MembersRecentlyOnline/addon.json": "558bbead1330096a577443a774b4dda39e39eb288f02a0362d00c3a77ce1dfb5",
    "src/addons/Andy/MembersRecentlyOnline/icon.jpg": "0acd5b88777cff089fed840a4a9711fd8b8e679278b22eaa9739c480720919a6",
    "src/addons/Andy/MembersRecentlyOnline/Widget/MembersRecentlyOnline.php": "472804bbf60200ac89dc03591cd2b903bf59c25c6ecf596e5e1f4ffdf8e1ede2",
    "src/addons/Andy/MembersRecentlyOnline/_data/admin_navigation.xml": "064ec797484ac00d5ee37367b50b06846d11f480d00550997712707f8fdac8c0",
    "src/addons/Andy/MembersRecentlyOnline/_data/admin_permission.xml": "ec6fb97cebf0bceb24f1ed1d5778c1db54eeb7535fbb3e31d824840e7aa9ff87",
    "src/addons/Andy/MembersRecentlyOnline/_data/advertising_positions.xml": "d2f7cbe844bb1df3cf878d22ff6306249245c8ff6b0b87b9b729744bec538261",
    "src/addons/Andy/MembersRecentlyOnline/_data/api_scopes.xml": "6793eaf758f140e8137187ba20e65f4faccf53410433ae3ad7a8b3b38cb6b3b7",
    "src/addons/Andy/MembersRecentlyOnline/_data/bb_codes.xml": "faa4ddd5f4a365e5ac39aebdcbe2d25aedf74e7eb9ea4a812766e2fd5e13bdb1",
    "src/addons/Andy/MembersRecentlyOnline/_data/bb_code_media_sites.xml": "29762987990187b33e43cfb68c08dc917b2d3f0176613d78f8e6c453f82da3f3",
    "src/addons/Andy/MembersRecentlyOnline/_data/class_extensions.xml": "1f548b8006e9952a3f5889f71e09fdfa6726ac1a47c1af7b2626d1a88920d5a4",
    "src/addons/Andy/MembersRecentlyOnline/_data/code_events.xml": "8370dec3df47f91df4cf79da253446ad11b29f4ea568fe76c774e97a0379f0eb",
    "src/addons/Andy/MembersRecentlyOnline/_data/code_event_listeners.xml": "d6b5072f4909dee7a20ee9e44b163f95c8aa52e6ac7f573e292000cd9238c331",
    "src/addons/Andy/MembersRecentlyOnline/_data/content_type_fields.xml": "c7ad5472b28f465b7ac7617627707eba1b7a39d28089460d52e1ed292fc0b06a",
    "src/addons/Andy/MembersRecentlyOnline/_data/cron.xml": "323c4284742ef24329cd6db6f288eb9736d2353f36852e1db12591e1583aea26",
    "src/addons/Andy/MembersRecentlyOnline/_data/help_pages.xml": "a8a0c0b06cdc550438bc8a8d385af3e1e5ab3459877dfb934c1c31be59c89163",
    "src/addons/Andy/MembersRecentlyOnline/_data/member_stats.xml": "89fb2b93ff1eca7a1f6f752248edf6090dfd24037db1446fd18ff7143f08124d",
    "src/addons/Andy/MembersRecentlyOnline/_data/navigation.xml": "f75e1c03a45a360bbdfcd0567121665082315068475d5b0feb8b1acbb1688651",
    "src/addons/Andy/MembersRecentlyOnline/_data/options.xml": "6d0408432fc9f591a31cc365762a6f65ea7dc5cd7cae9b26fff04568e1ae514e",
    "src/addons/Andy/MembersRecentlyOnline/_data/option_groups.xml": "e998647da4462d4b4230643c228459385f698cca5240e2dca0d38b6b26b915fb",
    "src/addons/Andy/MembersRecentlyOnline/_data/permissions.xml": "9a2f308b69a16ea369e37ba9b7738ecae5a5d500346f6898c74210cee966ae2e",
    "src/addons/Andy/MembersRecentlyOnline/_data/permission_interface_groups.xml": "ff7578a1486fff4e71c6bf151420332ab34136b0dc7a94a582724722a7fe2ab7",
    "src/addons/Andy/MembersRecentlyOnline/_data/phrases.xml": "5106686738343ec53dc25d521f8eff4a749d4683a54d5ae763e499dcfd7b7abd",
    "src/addons/Andy/MembersRecentlyOnline/_data/routes.xml": "550fa64f9feedf137dd877b38c2684f94474619d2d83890dbb717a91b50da8f5",
    "src/addons/Andy/MembersRecentlyOnline/_data/style_properties.xml": "8b8690a8512f01f219dd2da76e3d0c5f62afc1f317b87794a7331c859c36a7a8",
    "src/addons/Andy/MembersRecentlyOnline/_data/style_property_groups.xml": "68e1879cb3846c42d978487aa8d5145ff3335fc39e58016878824d5cf3fd684c",
    "src/addons/Andy/MembersRecentlyOnline/_data/templates.xml": "e700f0fcf4bad78c3f361d2718b6dcfefa3c58035d5ef68e51fc1fac1a93e327",
    "src/addons/Andy/MembersRecentlyOnline/_data/template_modifications.xml": "3b54b7df00a6a4a18c5e012b6e2588e35c23aaa13a5fc227f08646a97590d778",
    "src/addons/Andy/MembersRecentlyOnline/_data/widget_definitions.xml": "446208d574d970fda5d3243e852922ce588f09af14ab2e65ba16c20bac10917c",
    "src/addons/Andy/MembersRecentlyOnline/_data/widget_positions.xml": "a29cee66134f6bc5d75ed9df1eef21096c24401915c5b5c774389c3d7bb2d5b3"
}