{
    "src/addons/Andy/ChangeAuthor/addon.json": "ccbc4eb0ff9aaae69ae753374dc0fe6880ba19308034e9001e7e1c3ecd296ce7",
    "src/addons/Andy/ChangeAuthor/icon.jpg": "c87987c10417134d04f61c5df947c6abc6fcfcbe0e346f7dd24d91687de5d97a",
    "src/addons/Andy/ChangeAuthor/XF/Pub/Controller/Post.php": "8d103071175c8a9e6247b7de903b40d962ab7bc4ac06639eb9cbea8ce18368e3",
    "src/addons/Andy/ChangeAuthor/_data/admin_navigation.xml": "064ec797484ac00d5ee37367b50b06846d11f480d00550997712707f8fdac8c0",
    "src/addons/Andy/ChangeAuthor/_data/admin_permission.xml": "ec6fb97cebf0bceb24f1ed1d5778c1db54eeb7535fbb3e31d824840e7aa9ff87",
    "src/addons/Andy/ChangeAuthor/_data/advertising_positions.xml": "d2f7cbe844bb1df3cf878d22ff6306249245c8ff6b0b87b9b729744bec538261",
    "src/addons/Andy/ChangeAuthor/_data/api_scopes.xml": "6793eaf758f140e8137187ba20e65f4faccf53410433ae3ad7a8b3b38cb6b3b7",
    "src/addons/Andy/ChangeAuthor/_data/bb_codes.xml": "faa4ddd5f4a365e5ac39aebdcbe2d25aedf74e7eb9ea4a812766e2fd5e13bdb1",
    "src/addons/Andy/ChangeAuthor/_data/bb_code_media_sites.xml": "29762987990187b33e43cfb68c08dc917b2d3f0176613d78f8e6c453f82da3f3",
    "src/addons/Andy/ChangeAuthor/_data/class_extensions.xml": "f9b833dfa952d963a70d270b280fe17c6d22e7b3bef9dbdfb26b9fd31184392f",
    "src/addons/Andy/ChangeAuthor/_data/code_events.xml": "8370dec3df47f91df4cf79da253446ad11b29f4ea568fe76c774e97a0379f0eb",
    "src/addons/Andy/ChangeAuthor/_data/code_event_listeners.xml": "d6b5072f4909dee7a20ee9e44b163f95c8aa52e6ac7f573e292000cd9238c331",
    "src/addons/Andy/ChangeAuthor/_data/content_type_fields.xml": "c7ad5472b28f465b7ac7617627707eba1b7a39d28089460d52e1ed292fc0b06a",
    "src/addons/Andy/ChangeAuthor/_data/cron.xml": "323c4284742ef24329cd6db6f288eb9736d2353f36852e1db12591e1583aea26",
    "src/addons/Andy/ChangeAuthor/_data/help_pages.xml": "a8a0c0b06cdc550438bc8a8d385af3e1e5ab3459877dfb934c1c31be59c89163",
    "src/addons/Andy/ChangeAuthor/_data/member_stats.xml": "89fb2b93ff1eca7a1f6f752248edf6090dfd24037db1446fd18ff7143f08124d",
    "src/addons/Andy/ChangeAuthor/_data/navigation.xml": "f75e1c03a45a360bbdfcd0567121665082315068475d5b0feb8b1acbb1688651",
    "src/addons/Andy/ChangeAuthor/_data/options.xml": "1cea29aa5671733d85c8fc6f7c66128eacbca5643cbb38585eb82002879b51a4",
    "src/addons/Andy/ChangeAuthor/_data/option_groups.xml": "154d7a89664b243d0bd8227c22e241f934bf7e196c83230ee23d3c0c4fba1333",
    "src/addons/Andy/ChangeAuthor/_data/permissions.xml": "6f267ac89751e05420f3043982075577ae28dad01e8e7c15e9c96b3dcd6aa0a2",
    "src/addons/Andy/ChangeAuthor/_data/permission_interface_groups.xml": "29dabb43047f30fed1187ca2eaa51277164bfd04b3d2ac6b9b44e870c164c422",
    "src/addons/Andy/ChangeAuthor/_data/phrases.xml": "02bad681df72fa26391a83a12c62f5dcd6887971fe9f47ad7cf3d37c700d7837",
    "src/addons/Andy/ChangeAuthor/_data/routes.xml": "550fa64f9feedf137dd877b38c2684f94474619d2d83890dbb717a91b50da8f5",
    "src/addons/Andy/ChangeAuthor/_data/style_properties.xml": "8b8690a8512f01f219dd2da76e3d0c5f62afc1f317b87794a7331c859c36a7a8",
    "src/addons/Andy/ChangeAuthor/_data/style_property_groups.xml": "68e1879cb3846c42d978487aa8d5145ff3335fc39e58016878824d5cf3fd684c",
    "src/addons/Andy/ChangeAuthor/_data/templates.xml": "5f9cfdc3c2ddc3a1a4a21955b817c5972e29559c3f69b86c4e3a8f98827561aa",
    "src/addons/Andy/ChangeAuthor/_data/template_modifications.xml": "d21954aa57459c52f2b5f1e5589ed72c0991af4e11e35ee53b758808194979cb",
    "src/addons/Andy/ChangeAuthor/_data/widget_definitions.xml": "37e46965256430f24004c2e7f08ba08f9b0d1cbcc4d70e84b3f4e3ffb713e64b",
    "src/addons/Andy/ChangeAuthor/_data/widget_positions.xml": "a29cee66134f6bc5d75ed9df1eef21096c24401915c5b5c774389c3d7bb2d5b3"
}